Price,Close,High,Low,Open,Volume
Ticker,GIL.VN,GIL.VN,GIL.VN,GIL.VN,GIL.VN
Date,,,,,
2017-01-02,15127.90625,15375.364035602557,14748.471209595305,14847.455016394011,659782
2017-01-09,16002.2568359375,16134.234090527905,15111.409501755155,15177.398129050358,1032219
2017-01-16,15111.4091796875,16035.251673524805,15012.427106551391,16002.256494883322,449517
2017-01-23,14484.5166015625,15309.374389171257,14055.5896863089,15111.408520145154,1950146
2017-01-30,13857.6240234375,14484.51681704325,13725.646775456722,14484.51681704325,516956
2017-02-06,14649.4892578125,14781.466513728345,13758.64191468344,13857.624856620323,1352559
2017-02-13,14880.4501953125,15144.404704908273,14517.511878921207,14616.49395432252,1297884
2017-02-20,15276.3828125,15441.353524509635,14781.467213682488,14880.451026003713,1673893
2017-02-27,15177.3984375,15276.382246151552,14616.494228394438,15177.398437500002,856317
2017-03-06,16794.12109375,17322.030080642133,15177.397224301685,15193.893947293538,2893406
2017-03-13,17618.978515625,17915.926434226076,16629.14750323747,17157.056453100697,1581980
2017-03-20,16497.171875,18080.900610469605,16332.1994463784,17487.00125254716,1860890
2017-03-27,16926.099609375,17157.058942757627,16497.172659672644,16728.133724449504,611314
2017-04-03,17289.03515625,17618.980009279676,16794.121339493737,16860.109963820847,1442807
2017-04-10,16662.142578125,17322.028761486676,16530.163610058695,17289.03358662161,975097
2017-04-17,16662.142578125,16992.085669805838,16167.22707490676,16563.158784923762,501102
2017-04-24,16794.12109375,16926.098340473032,16497.171422926123,16893.103163095224,334767
2017-05-01,16398.189453125,16794.122968896118,15606.32588437135,16794.122968896118,1166153
2017-05-08,15936.2685546875,16431.18413584538,15936.2685546875,16134.234440871804,1190842
2017-05-15,15639.318359375,16002.25667146542,15507.341106141064,16002.25667146542,1113196
2017-05-22,15705.3076171875,16002.257314595343,15507.341729380354,15771.297977850803,765666
2017-05-29,16282.7099609375,16332.200133350925,15672.313853896378,15870.279737732742,897773
2017-06-05,16266.2109375,16827.115121150517,16200.222311858419,16332.19956314158,1743668
2017-06-12,15507.3408203125,16431.183307316143,15342.370122507882,16266.210878117372,796672
2017-06-19,15449.5712890625,15996.458260388863,15381.210417646704,15962.27872149926,687213
2017-06-26,15039.40625,15449.571483661102,14389.977066551615,15449.571483661102,862631
2017-07-03,14783.052734375,15210.307743586969,14697.601194441615,15210.307743586969,351156
2017-07-10,14629.240234375,14936.865058854302,14287.435870307236,14697.601107188553,204271
2017-07-17,13843.0888671875,14834.322388796436,13843.0888671875,14526.698470757958,309861
2017-07-24,14253.2548828125,14321.615752982949,13706.367024630641,13979.81140213071,246427
2017-07-31,12646.7724609375,14013.991638606469,12646.7724609375,13911.450334804036,730363
2017-08-07,12373.3291015625,12988.5778270345,12304.968231712086,12988.5778270345,369317
2017-08-14,12065.705078125,12475.870293518343,11621.358531297277,12475.870293518343,259000
2017-08-21,11928.982421875,12134.065926029469,11450.456338090526,12099.885491473435,1376927
2017-08-28,11040.291015625,11928.982305405043,10425.042302805174,11928.982305405043,740706
2017-09-04,11211.193359375,11450.45640261552,10903.56854981892,11040.291185631773,342316
2017-09-11,11040.291015625,11279.554055181165,10869.387947695195,11108.651884069619,390919
2017-09-18,10937.75,11177.013962271438,10664.306496625048,11108.6530864277,391161
2017-09-25,11587.1787109375,11723.900456649802,10869.38864912959,10886.479315752787,626304
2017-10-02,11860.623046875,12270.789210035318,11587.179535980373,11587.179535980373,525632
2017-10-09,11894.8017578125,12031.52439021688,11552.997418847168,11963.162625605566,514400
2017-10-16,11928.982421875,12202.426795141535,11723.899814538796,11963.162856431034,393364
2017-10-23,10544.673828125,11963.16325464455,10544.673828125,11723.900204788051,308516
2017-10-30,10185.7802734375,10459.223774335102,9809.79456288495,10322.5020238863,1118382
2017-11-06,10766.84765625,10766.84765625,10083.238907599318,10254.141094761988,329689
2017-11-13,10818.1181640625,10818.1181640625,10254.140529126465,10766.847062332728,434794
2017-11-20,11279.5546875,11313.735123638426,10903.568993159017,10937.74942929744,524934
2017-11-27,11928.982421875,11928.982421875,11159.922195955105,11159.922195955105,441913
2017-12-04,11621.3603515625,12031.526528018847,11313.736391834047,11963.164751260783,235974
2017-12-11,11792.26171875,11792.26171875,11279.555155405224,11723.900843637362,112572
2017-12-18,12236.607421875,12475.870467524892,11621.358693385568,11758.080433756935,407845
2017-12-25,11963.1640625,12236.608463333892,11621.359682480579,12236.608463333892,120149
2018-01-01,12168.2470703125,12475.870999259323,11621.359188699827,11963.163554196299,395326
2018-01-08,12168.2470703125,12578.412308908264,11450.457005951594,11997.344887564264,207979
2018-01-15,12270.7890625,12287.87883331625,11518.81851976256,12168.2477471474,173481
2018-01-22,12988.5791015625,13091.120416400174,12134.067247763518,12270.789000880417,561771
2018-01-29,14372.88671875,14424.157822503577,13056.939449834192,13091.119886730468,1120612
2018-02-05,13296.2021484375,15364.120766769545,12851.855583987432,15364.120766769545,2608022
2018-02-12,13193.6611328125,13535.465500101516,12937.307408936578,13296.202442999205,646215
2018-02-19,14526.6982421875,14971.044791403123,13193.660388177173,13193.660388177173,781841
2018-02-26,13774.728515625,14492.518581583616,13672.187205747816,14441.248375054183,1296944
2018-03-05,14868.50390625,15210.307367067502,13330.382503252311,13962.721013287688,2675915
2018-03-12,15039.40625,15278.66840615067,14526.698811105316,14971.04537772315,3235778
2018-03-19,15586.2919921875,15637.56309073838,14697.599826245385,15176.126791053402,1818952
2018-03-26,15928.09765625,16850.970332667537,15552.11375397233,15586.293293435472,1140359
2018-04-02,16150.271484375,16577.5264801472,15723.014694966218,15928.097308173263,921927
2018-04-09,15415.3916015625,16577.52640442759,15073.585454142076,16150.27141060692,1052852
2018-04-16,15176.1279296875,15415.391878452116,14389.9770050456,15210.307468861527,497878
2018-04-23,14629.240234375,14868.50418604075,13330.382754099184,14868.50418604075,313218
2018-04-30,14458.337890625,15517.932304201848,14013.992222306902,14629.240070747346,481222
2018-05-07,14355.7958984375,14697.600242393777,14013.991554481225,14458.337201624383,1017630
2018-05-14,14424.158203125,14868.504791320238,14013.992949546333,14492.519078721443,406395
2018-05-21,14663.4208984375,14697.601335374942,14048.173033563546,14424.157839875406,190568
2018-05-28,14184.89453125,14663.420639938324,13056.939235380638,14663.420639938324,224502
2018-06-04,14680.5107421875,14765.961381330771,14184.893985974379,14287.43529103727,435814
2018-06-11,14178.0439453125,14942.545577456234,14039.042736794756,14925.170996244227,489227
2018-06-18,14108.5439453125,14403.920053990742,13587.29279331949,14247.545164275041,255909
2018-06-25,14525.5458984375,14595.04605260961,14004.29383038225,14525.5458984375,288419
2018-07-02,13969.5439453125,14508.170603432183,13587.293092111713,14508.170603432183,119182
2018-07-09,13934.79296875,13969.543044071817,13622.04229085364,13969.543044071817,42933
2018-07-16,14247.5439453125,14334.41867399648,13761.041999977768,14004.29251676297,163218
2018-07-23,14438.6689453125,14560.29466000707,14073.792712993121,14247.543994489459,192208
2018-07-30,15359.548828125,15550.674710069245,14438.670407634028,14595.046212112447,527891
2018-08-06,16402.05078125,16402.05078125,15429.048634206467,15463.79779912219,783184
2018-08-13,16332.5498046875,16402.049954544767,15846.04875568663,16402.049954544767,344868
2018-08-20,16263.0498046875,16645.30154418912,16054.549353194452,16471.550256180548,281406
2018-08-27,17722.552734375,17792.05287681664,16297.79890255711,16297.79890255711,668541
2018-09-03,18174.306640625,18209.05580403674,17375.053999810258,17722.554751571293,343901
2018-09-10,17722.552734375,18417.554158791405,17409.80118162336,18174.30457200992,300887
2018-09-17,18257.533203125,19566.74299742857,17653.05528908858,17722.555442148936,537569
2018-09-24,18400.35546875,18995.45132205017,18186.121836855753,18281.337392207235,454783
2018-10-01,18328.943359375,18662.196875,17710.045015230684,18400.35456650483,357159
2018-10-08,17900.4765625,18852.630366512614,17233.969446749845,18400.356899312614,425954
2018-10-15,17757.654296875,18495.572635737484,17543.420646313225,18471.770112472135,114508
2018-10-22,17043.537109375,17995.688920283723,16900.712878915812,17852.866513353132,158554
2018-10-29,18424.16015625,18566.982580170028,16329.423370131364,17043.539136789143,288165
2018-11-05,17376.79296875,18662.198452820652,17376.79296875,18424.16046775308,187323
2018-11-12,18328.943359375,18376.552046480683,17067.34050400483,17376.791499605682,529991
2018-11-19,17352.986328125,18471.76671585741,17352.986328125,18328.94248488334,293422
2018-11-26,16805.5,17852.867409265466,16567.460211798647,17852.867409265466,430995
2018-12-03,17376.79296875,17710.04651255037,16805.50143988206,16805.50143988206,196659
2018-12-10,17138.75390625,17400.594396893463,16853.107248008862,17162.556426790212,124235
2018-12-17,16662.67578125,17138.753534663352,15496.2884765625,17138.753534663352,121901
2018-12-24,15710.5244140625,16662.676303685228,15520.093306726454,16496.049540648375,74304
2018-12-31,16662.67578125,16662.67578125,15710.523921480682,15710.523921480682,153378
2019-01-07,16567.458984375,16900.712474932912,16234.205493817088,16662.674527895626,43966
2019-01-14,16805.5,17138.75351524747,16186.59983302812,16567.460211798647,95916
2019-01-21,17614.830078125,17852.868051358902,16686.480706042657,16900.714334894543,200837
2019-01-28,18566.982421875,19019.255858470937,17376.792526807167,17710.04606213192,384437
2019-02-04,18566.982421875,18566.982421875,18566.982421875,18566.982421875,0
2019-02-11,19447.724609375,19947.604903604028,18305.14160071687,18519.37523101698,799372
2019-02-18,18757.4140625,19661.959137625123,18662.19850350859,19447.725497541087,306660
2019-02-25,18947.845703125,19281.09925702271,17995.6919104763,18757.41457988948,935455
2019-03-04,18400.35546875,19757.173941333236,18281.337392207235,18947.84445613882,614321
2019-03-11,18352.748046875,18805.021465211525,18233.728150408948,18233.728150408948,439663
2019-03-18,18400.35546875,19376.313543456094,18352.74860283865,18352.74860283865,694904
2019-03-25,17900.4765625,18376.554376270768,17662.438567379075,18233.730120375076,412167
2019-04-01,18186.12109375,18328.943509176945,17710.045159974386,17900.47443936741,510283
2019-04-08,17948.083984375,18852.629031176963,17757.652872354967,18471.76863066569,425405
2019-04-15,17281.578125,18090.907672419533,16710.28657249628,17948.08524017583,223704
2019-04-22,16876.912109375,17519.61483070624,16567.461097579882,16972.127665040516,245962
2019-04-29,15948.5634765625,16876.91290886805,15758.132356210368,16876.91290886805,261339
2019-05-06,15615.30859375,16067.580186539255,14758.370448899483,15948.562114133123,235607
2019-05-13,15710.5244140625,16138.993493804226,15662.915725464114,15686.720069763307,108839
2019-05-20,15567.701171875,16234.208266839245,15234.448536157312,15710.525423316529,200248
2019-05-27,15377.271484375,15734.327545067074,15377.271484375,15567.700775567833,134374
2019-06-03,15044.015625,15591.503660915341,14663.155254746507,15377.270044559375,174460
2019-06-10,15044.015625,15520.092455463353,14996.408762541558,15139.231173445536,166634
2019-06-17,15495.8125,15726.233585064478,15139.23149439387,15186.839269625912,214785
2019-06-24,15207.787109375,15611.023097903748,15034.971294963674,15495.812554962864,157715
2019-07-01,15322.9970703125,15553.418161153082,15092.576891236286,15380.602343022647,175496
2019-07-08,14977.3662109375,15438.207476704198,14689.339849980592,15265.391660130052,366355
2019-07-15,15294.1943359375,15495.812789130845,14516.524071098964,14977.366249826608,302060
2019-07-22,14977.3662109375,15495.81274889558,14977.3662109375,15294.194296225742,102317
2019-07-29,14113.287109375,14977.366191101335,13767.655476684467,14977.366191101335,165544
2019-08-05,13767.6552734375,14458.918528613694,13076.392018261306,13882.865815966867,461982
2019-08-12,13537.2353515625,13738.85381831291,12961.182589418475,13738.85381831291,178622
2019-08-19,12673.1552734375,13537.234352909723,12644.352637455091,13537.234352909723,370975
2019-08-26,12327.5244140625,12932.37885109142,12269.919142748857,12673.155130180021,331833
2019-09-02,12269.9189453125,12817.16810222194,12269.9189453125,12327.524215699212,99303
2019-09-09,12298.72265625,12673.156034750225,12010.696279123358,12385.130569387993,178556
2019-09-16,11809.0771484375,12385.12987016896,11665.063968004635,12298.721961909241,297586
2019-09-23,11981.8935546875,12097.10410470428,11117.81442956165,11809.07772966233,412628
2019-09-30,11549.853515625,12097.103605627412,11290.629788781753,11981.893060363745,144748
2019-10-07,11521.05078125,11751.471869816149,11434.642873037694,11549.853417320768,71149
2019-10-14,12385.130859375,12385.130859375,11521.051707763414,11521.051707763414,242854
2019-10-21,12500.33984375,12788.366212472854,12385.13020802524,12500.33984375,196693
2019-10-28,12039.4990234375,12673.156146962303,12010.69638546981,12500.340319156152,273810
2019-11-04,11751.4716796875,12356.327027387602,11693.866408477967,12039.498035735169,180567
2019-11-11,11434.6435546875,11895.485759291838,11405.840916899728,11751.472570352982,111927
2019-11-18,11060.208984375,11521.051177351357,10743.379976703754,11405.840629107268,134279
2019-11-25,10656.97265625,11117.814874771417,10512.959462962057,10973.801681483474,108474
2019-12-02,10599.3662109375,10858.589930290635,10484.155669002774,10656.971481904864,51183
2019-12-09,10714.5771484375,10800.985058078588,10455.353419514233,10599.366602249382,194651
2019-12-16,10138.525390625,10829.788734103377,9965.709554755407,10714.57817685698,219918
2019-12-23,9648.880859375,10138.52478674301,9504.867671394877,9965.708961166863,172203
2019-12-30,10138.525390625,10368.946505117792,9620.078794780678,9735.288440262615,85137
2020-01-06,9562.47265625,10080.9192054729,9562.47265625,10080.9192054729,148297
2020-01-13,9447.2626953125,9677.683803376056,9389.65741829661,9562.473249344277,81359
2020-01-20,10080.9189453125,10080.9189453125,9332.051321643661,9504.86713751286,124959
2020-01-27,10887.3935546875,11463.4463166846,10080.91968789156,10080.91968789156,257604
2020-02-03,10599.3662109375,10656.971481904864,10138.524043198593,10253.73458513332,389078
2020-02-10,12442.7353515625,13133.997717499236,10484.156064742685,10541.761337884445,790267
2020-02-17,11693.8671875,12500.340126394742,11060.209161982099,12500.340126394742,663992
2020-02-24,10570.564453125,11607.459416630656,10541.761815249843,11578.6567787555,330456
2020-03-02,11146.6162109375,11175.418846229475,10541.760869805998,10599.36614038995,355173
2020-03-09,9101.6298828125,10916.194967695788,8381.564011126942,10916.194967695788,636165
2020-03-16,9677.68359375,10138.524888130501,8640.788629923938,8928.815008764512,559809
2020-03-23,9447.2626953125,9908.103999675177,9015.223117693331,9015.223117693331,492937
2020-03-30,9245.64453125,9447.263007467458,8496.775905299444,9447.263007467458,326308
2020-04-06,9216.8408203125,9648.880361981512,9159.235548089964,9216.8408203125,301525
2020-04-13,9677.6875,9824.764221795274,9159.236357143907,9216.841634454833,397107
2020-04-20,11001.3818359375,11001.3818359375,9236.454141905431,10207.164008917347,1568145
2020-04-27,10413.0732421875,11119.044201279014,10236.580274473525,11119.044201279014,617246
2020-05-04,10471.9033203125,10824.889235273296,10001.256041540993,10177.748999021393,1575539
2020-05-11,11472.0302734375,12060.338957143384,10413.073366296752,10589.566336114276,3115072
2020-05-18,10942.55078125,11472.029662505689,10854.304756922893,11472.029662505689,839854
2020-05-25,11266.1220703125,11883.84610304219,10854.30544064977,10942.551470535609,2314240
2020-06-01,11530.8603515625,11766.183994991761,11177.874430536433,11295.536708133239,1477065
2020-06-08,11177.8740234375,12648.647425127978,10824.88902703152,11530.859931607796,1839554
2020-06-15,11001.3818359375,11295.536147688077,10413.072300672042,11295.536147688077,1379529
2020-06-22,10736.642578125,11148.459185633996,10530.734274370501,10942.550881879497,814699
2020-06-29,10354.2421875,10736.64254018031,9883.594898228577,10530.734237153518,630608
2020-07-06,10736.642578125,10766.058831602235,10354.242224093237,10442.48824923187,414173
2020-07-13,10677.8125,10766.059441905507,10501.319527953397,10736.643186760732,363897
2020-07-20,10413.0732421875,10736.6429231928,10177.749589156996,10736.6429231928,879386
2020-07-27,11854.4306640625,12295.662633459056,10589.566353752934,10589.566353752934,2514107
2020-08-03,13884.0966796875,14825.391246206742,11883.84526995194,11883.84526995194,4681806
2020-08-10,14413.576171875,14707.730508516004,13589.942935162926,13766.435901853281,3563146
2020-08-17,14354.744140625,14678.314721723744,13266.37285446837,14648.899380126468,3301656
2020-08-24,14373.5498046875,15049.229622477074,14250.698496010249,15049.229622477074,4104218
2020-08-31,14127.8486328125,14557.82680024143,13882.14695884942,14250.698993806962,2187297
2020-09-07,15387.0703125,15847.761091723161,14004.997974830518,14127.849293544656,3614327
2020-09-14,15694.1962890625,16247.024811910675,15356.35684776065,15663.483699123619,3533437
2020-09-21,16247.025390625,16462.015431803353,15141.36830554547,15724.90943911809,3425410
2020-09-28,15847.7607421875,16462.01541826188,15356.357382117669,16339.165054231511,2555940
2020-10-05,17751.94921875,17936.22475717957,15847.760087210503,15847.760087210503,3491270
2020-10-12,16431.302734375,18059.075760421332,16277.737876256719,17751.949852081467,2738682
2020-10-19,16984.130859375,17321.971254262902,16462.014923974595,16646.2904644871,1517090
2020-10-26,18888.3203125,19594.711835236958,16984.13198518938,16984.13198518938,4538896
2020-11-02,21038.20703125,21038.20703125,18519.765238344924,18980.45597274997,3727765
2020-11-09,23341.66015625,23833.063467835847,21253.19655799719,21498.89726181603,4045040
2020-11-16,23464.515625,23648.791178096166,22481.708867256923,23403.08853668618,3637656
2020-11-23,24078.767578125,25061.57426262412,23464.513876300123,23495.226466193955,2823698
2020-11-30,25123.0,25675.82853430688,23648.789940532213,24570.17146569312,3125705
2020-12-07,27334.31640625,27334.31640625,24293.75657103028,25061.57515356872,3291293
2020-12-14,27027.1875,28869.95050044867,26842.911961534446,27334.315301390874,2970814
2020-12-21,26290.08203125,27641.439715369124,25122.99797175853,27027.186049501506,2718386
2020-12-28,25798.6796875,26412.93337645649,25245.84927309608,26412.93337645649,1731669
2021-01-04,26627.921875,27211.464886845843,25460.83965920487,26105.805946465516,300322
2021-01-11,29607.056640625,30037.03289963574,26167.231336952715,26781.486943436077,351931
2021-01-18,29177.078125,31265.541830744754,26075.093251992705,30037.03253657543,395129
2021-01-25,28255.697265625,32862.60484240045,25737.253441548655,29422.779502969013,536515
2021-02-01,33108.3046875,33108.3046875,28747.099852170395,30221.309856903714,696277
2021-02-08,35381.04296875,35381.04296875,33906.83490766265,35381.04296875,311623
2021-02-15,37346.65625,38083.762184384046,35381.0429635735,35381.0429635735,347964
2021-02-22,42690.66796875,42997.79384366667,37162.37937287222,37346.65489782223,435534
2021-03-01,40233.65625,42997.79693903,38698.019149075284,42690.67104200368,458688
2021-03-08,43673.48046875,44840.56275879089,39680.8283245646,41155.0365309592,466989
2021-03-15,43059.21875,44779.131254595246,42936.3684007998,43612.049129297135,276501
2021-03-22,42383.546875,42997.798694125326,39435.12671950826,42997.798694125326,381799
2021-03-29,45577.6640625,46007.64410891973,42383.54343835179,42813.51967687512,280404
2021-04-05,45639.09375,45884.79448201052,44226.310733042716,45577.66856699737,150349
2021-04-12,43857.75390625,45577.666570788555,42383.545770857396,45454.81621016389,217783
2021-04-19,44533.43359375,45946.22032170871,42629.245435472796,43673.47728279611,191263
2021-04-26,45454.81640625,45454.81640625,42383.54595369445,43980.60445660122,176043
2021-05-03,46376.19921875,49754.599476495285,44226.31022267395,45454.817676446444,321985
2021-05-10,48280.38671875,50737.40539516367,46069.07257550537,47297.58000976387,320063
2021-05-17,35811.0234375,48280.384061421915,35811.0234375,48280.384061421915,1111929
2021-05-24,36548.1328125,40233.659066392225,35688.17643273203,36548.1328125,543752
2021-05-31,35565.3203125,36609.55207447488,32002.645002293822,35995.29652888533,416490
2021-06-07,37285.234375,37469.51373083923,34459.66454952519,35626.750635621014,2380340
2021-06-14,37039.53515625,37776.64118600304,35626.75208979551,37162.38552655935,2079920
2021-06-21,36159.0546875,38209.30977006288,36034.79727055801,37588.0188338429,1968671
2021-06-28,40135.30859375,40694.47083763308,35786.27961774312,36034.79831030791,2419062
2021-07-05,37090.98828125,40135.30647823502,36034.79641092908,40135.30647823502,483558
2021-07-12,35475.63671875,37090.99091832853,34170.929927712095,37090.99091832853,563543
2021-07-19,40073.1796875,40321.69452733922,34170.9291322577,34170.9291322577,3156541
2021-07-26,40383.82421875,42309.82197733189,39700.40454107281,40073.18066140138,4088110
2021-08-02,42247.69140625,43179.625888785224,40321.693732444546,40383.82244117955,4376944
2021-08-09,43490.26953125,44360.07530702601,41750.66183120805,42185.56279334102,4264902
2021-08-16,45925.7265625,46820.38614946782,43614.53161635679,43863.04645651001,3993869
2021-08-23,44732.8515625,45478.39992303552,39886.79299628426,45403.84239092491,3458204
2021-08-30,49429.80078125,49951.68426816726,45403.84410424986,45403.84410424986,3229147
2021-09-06,48609.69921875,49951.68479181828,47044.04874158529,49877.131107622896,2851176
2021-09-13,53530.3125,55468.7351390491,48087.812982560165,48535.142765229204,5188828
2021-09-20,50324.4609375,54052.19521850901,50324.4609375,53530.31557740617,69306406
2021-09-27,51293.66796875,51591.886543110806,46969.49286325321,50175.34735201946,3076265
2021-10-04,52784.765625,53530.31399983413,51070.003977730485,51368.22255736211,57395970
2021-10-11,50100.79296875,52784.76395187036,49951.68175790552,52784.76395187036,1930584
2021-10-18,50249.90234375,51219.11562434192,47193.158988168885,50100.79497843444,2412238
2021-10-25,51293.66796875,52486.54611770331,50249.901032732145,50249.901032732145,2042600
2021-11-01,54574.078125,54574.078125,49877.13059343719,51293.669836097695,4401278
2021-11-08,56736.1640625,57630.823642950956,53232.09097642739,55916.062014760035,3752988
2021-11-15,50697.23046875,57258.04676224833,50026.235792454914,57258.04676224833,4559846
2021-11-22,49877.12890625,52561.099933927035,47715.04134792739,50473.56605650932,2374018
2021-11-29,48758.80859375,50324.45901167474,47715.04164846684,47715.04164846684,1771090
2021-12-06,49951.68359375,50324.45970880659,45403.84349123478,48758.8092691933,1990095
2021-12-13,49206.1328125,50846.34070594232,48460.58832181074,49951.68115469924,1799655
2021-12-20,47715.04296875,49206.13589504894,47267.713165105204,48609.698724529364,1467180
2021-12-27,47715.04296875,48684.25240796675,47416.82438349022,47715.04296875,1058791
2022-01-03,51442.78125,52933.87418175508,46298.50389530205,47715.043143346935,2640105
2022-01-10,50697.23046875,53008.42921841967,48087.81314678587,50697.23046875,2493175
2022-01-17,51815.55078125,52635.65281324478,48236.9240826828,51368.22099961284,3146094
2022-01-24,50697.23046875,52262.88086192848,49280.69128747378,52262.88086192848,1887338
2022-01-31,50697.23046875,50697.23046875,50697.23046875,50697.23046875,0
2022-02-07,53977.640625,54872.30022670019,49206.13558763299,51442.780740373266,3052593
2022-02-14,59420.13671875,59867.46652115557,52710.208940217555,52710.208940217555,3653406
2022-02-21,61060.34375,61507.66969385949,57034.38714620363,58972.809840288515,3670465
2022-02-28,62924.2109375,63371.536868389005,58152.70609694369,61060.34197951738,4007306
2022-03-07,60240.2421875,62253.218580172936,53828.53304159848,60613.01445236234,4369538
2022-03-14,60165.68359375,61134.89685743767,57779.93112671969,58227.260917884785,2871410
2022-03-21,66204.6171875,66204.6171875,58376.37272339112,59345.582145385575,5304149
2022-03-28,67844.8203125,69857.80436374231,64862.63455643396,66130.0663913946,3289584
2022-04-04,62253.21875,70081.47099705633,61880.44648412074,68143.0444302556,4946941
2022-04-11,71572.5625,71870.78494468004,62253.22087179302,62253.22087179302,4170635
2022-04-18,62402.328125,73063.65467010655,62402.328125,71572.55794758965,5227708
2022-04-25,62476.8828125,63147.8736523887,54052.19351238313,62402.32913062573,3756824
2022-05-02,58227.26171875,64788.07820468908,58227.26171875,62476.88323873789,1711446
2022-05-09,47789.59375,57705.37555088132,47789.59375,54946.85091611651,3049551
2022-05-16,47565.9296875,49728.01722549954,42943.53603917443,47640.48721921416,2789944
2022-05-23,52188.328125,52933.87264345633,44360.07601761741,47715.04175671139,3778910
2022-05-30,54574.078125,56139.72858602434,50175.34917865466,51964.664541469654,3164476
2022-06-06,53903.0859375,59271.02804162431,52262.881833629806,54648.63430785285,5354536
2022-06-13,45478.40234375,51815.55411683923,44732.8539435306,50175.349947262715,4641974
2022-06-20,40259.56640625,47118.60535761564,35749.00505054825,46000.28085896131,4652818
2022-06-27,42197.98828125,42347.099495283655,38843.02640634896,40259.56560787317,2525840
2022-07-04,38619.36328125,42496.2088057067,34742.513905283005,42197.99021548006,2816526
2022-07-11,38768.46875,40259.565479543126,37277.37587196698,38992.13364458248,1023482
2022-07-18,39663.12890625,40483.23096399516,38172.03215498053,39141.2454284567,1912068
2022-07-25,40259.56640625,40781.449888451956,38097.47879470196,39886.794141038685,1922385
2022-08-01,42645.31640625,43316.30721441939,40035.899148902456,40259.56403546224,4458145
2022-08-08,47670.3046875,47756.04315125491,41228.777487498046,43018.088886827485,4315414
2022-08-15,46956.5234375,50260.87109375,46956.5234375,48434.78125,4755135
2022-08-22,46434.78125,47739.12890625,44869.56640625,46173.9140625,3092465
2022-08-29,45478.26171875,45913.04296875,44086.95703125,45739.12890625,1503050
2022-09-05,44500.0,45826.0859375,43043.4765625,45652.17578125,2700991
2022-09-12,42200.0,46000.0,41800.0,44700.0,1641200
2022-09-19,38600.0,42050.0,36500.0,42000.0,2317100
2022-09-26,32100.0,38200.0,31150.0,38200.0,2583000
2022-10-03,27900.0,31850.0,27500.0,31850.0,2764300
2022-10-10,30250.0,31500.0,27500.0,27500.0,3988900
2022-10-17,30050.0,33800.0,29400.0,29800.0,4765900
2022-10-24,28000.0,30900.0,25200.0,30700.0,4243300
2022-10-31,24150.0,28900.0,24150.0,28200.0,5904100
2022-11-07,17100.0,23000.0,17100.0,22500.0,5230900
2022-11-14,20350.0,20350.0,15800.0,16500.0,8743600
2022-11-21,25250.0,25250.0,20400.0,21600.0,8323700
2022-11-28,28500.0,28800.0,24600.0,26500.0,9408800
2022-12-05,26400.0,29400.0,24500.0,29000.0,10155300
2022-12-12,24450.0,28900.0,24450.0,26700.0,7236400
2022-12-19,19650.0,23700.0,19650.0,22750.0,8975400
2022-12-26,18350.0,19500.0,17050.0,19000.0,4535200
2023-01-02,20000.0,20750.0,18350.0,18350.0,2664400
2023-01-09,18800.0,20400.0,18350.0,20100.0,2507500
2023-01-16,21000.0,21450.0,18650.0,18800.0,2342100
2023-01-23,20000.0,21550.0,20000.0,21000.0,791500
2023-01-30,20700.0,22150.0,20000.0,20000.0,3954900
2023-02-06,19500.0,20750.0,18800.0,20700.0,2014700
2023-02-13,20300.0,20750.0,18150.0,19500.0,2693400
2023-02-20,19150.0,21500.0,19000.0,20350.0,3587500
2023-02-27,19100.0,19900.0,18400.0,19000.0,1773400
2023-03-06,19550.0,20100.0,19000.0,19500.0,1642000
2023-03-13,18750.0,19500.0,18650.0,19500.0,1816800
2023-03-20,18900.0,19100.0,18500.0,18750.0,1019500
2023-03-27,19300.0,19350.0,18800.0,19000.0,1409700
2023-04-03,21200.0,21950.0,19350.0,19600.0,4427700
2023-04-10,21600.0,24300.0,20500.0,21300.0,5259400
2023-04-17,24600.0,25450.0,21350.0,21800.0,6080900
2023-04-24,23400.0,25150.0,23400.0,25000.0,4743200
2023-05-01,23000.0,23400.0,22000.0,23400.0,2658300
2023-05-08,24700.0,24700.0,22500.0,23000.0,5493500
2023-05-15,23450.0,25000.0,23000.0,24900.0,3704000
2023-05-22,23250.0,24400.0,23000.0,23450.0,2276600
2023-05-29,26100.0,26800.0,23300.0,23600.0,6465900
2023-06-05,26300.0,27500.0,25700.0,26150.0,5362400
2023-06-12,26300.0,27800.0,26200.0,26650.0,4234200
2023-06-19,27550.0,28000.0,26000.0,26650.0,2835100
2023-06-26,26650.0,28300.0,26250.0,27700.0,3439200
2023-07-03,30000.0,30000.0,26500.0,27500.0,5807200
2023-07-10,31000.0,31900.0,29600.0,30500.0,6029500
2023-07-17,31850.0,32350.0,30500.0,31000.0,4653400
2023-07-24,31200.0,32200.0,30500.0,32200.0,5260200
2023-07-31,33450.0,33700.0,30750.0,31000.0,6691400
2023-08-07,30000.0,34300.0,29050.0,33450.0,7440800
2023-08-14,27800.0,30900.0,27800.0,30200.0,6427500
2023-08-21,29500.0,29800.0,26850.0,27800.0,3633200
2023-08-28,31550.0,31550.0,29000.0,29800.0,4828900
2023-09-04,33500.0,34300.0,31500.0,31550.0,4932900
2023-09-11,32000.0,34250.0,31100.0,34000.0,5341200
2023-09-18,36000.0,37500.0,31700.0,32000.0,8138600
2023-09-25,31900.0,36000.0,30300.0,36000.0,7419500
2023-10-02,31200.0,33500.0,29500.0,31950.0,5085600
2023-10-09,33900.0,34100.0,31300.0,31350.0,5072200
2023-10-16,28000.0,34150.0,26000.0,34000.0,5403600
2023-10-23,24700.0,28350.0,24000.0,27800.0,3291600
2023-10-30,23100.0,25000.0,20700.0,24700.0,4151600
2023-11-06,25000.0,25700.0,22750.0,23400.0,3237500
2023-11-13,25150.0,26600.0,24600.0,24850.0,3991500
2023-11-20,25200.0,26850.0,24000.0,24100.0,3258100
2023-11-27,25150.0,25800.0,24000.0,25200.0,1703200
2023-12-04,26600.0,27400.0,25200.0,25250.0,3354200
2023-12-11,24950.0,26950.0,24900.0,26600.0,2228400
2023-12-18,24800.0,25300.0,24500.0,24950.0,1058600
2023-12-25,24950.0,25700.0,23650.0,24800.0,1755500
2024-01-01,25500.0,26300.0,24850.0,24950.0,2415500
2024-01-08,25450.0,26750.0,25150.0,25500.0,2834100
2024-01-15,27000.0,27550.0,24800.0,25450.0,3249700
2024-01-22,26800.0,27200.0,26600.0,27000.0,1126500
2024-01-29,29150.0,29500.0,26700.0,26800.0,3680400
2024-02-05,28800.0,29400.0,28200.0,28600.0,1381100
2024-02-12,31000.0,31950.0,28800.0,28900.0,2249500
2024-02-19,31400.0,32750.0,30650.0,31000.0,4669500
2024-02-26,31950.0,32550.0,31100.0,31400.0,4682900
2024-03-04,31600.0,33000.0,31450.0,31900.0,5727300
2024-03-11,38300.0,38300.0,30600.0,31500.0,9785300
2024-03-18,38000.0,39050.0,35650.0,38500.0,8558000
2024-03-25,38550.0,39500.0,35950.0,38150.0,6521500
2024-04-01,36200.0,38450.0,36150.0,38400.0,5660700
2024-04-08,34700.0,36300.0,32750.0,36200.0,5926500
2024-04-15,29400.0,34600.0,29150.0,34600.0,3801200
2024-04-22,32200.0,32500.0,29800.0,30000.0,2712700
2024-04-29,32000.0,33300.0,31500.0,32200.0,1151800
2024-05-06,33000.0,35000.0,32000.0,32500.0,3755000
2024-05-13,35300.0,35800.0,32650.0,33400.0,4930300
2024-05-20,34250.0,36500.0,33500.0,36500.0,6896600
2024-05-27,36700.0,37000.0,33550.0,33800.0,5649000
2024-06-03,35850.0,37000.0,35500.0,36700.0,3953900
2024-06-10,35000.0,37900.0,35000.0,36000.0,5590300
2024-06-17,34700.0,35400.0,34400.0,35100.0,3127300
2024-06-24,32500.0,34700.0,32200.0,34550.0,3141100
2024-07-01,33600.0,34300.0,32500.0,32500.0,1475200
2024-07-08,33600.0,34550.0,33300.0,33300.0,2263800
2024-07-15,31000.0,34400.0,31000.0,34000.0,2665800
2024-07-22,31300.0,31300.0,28950.0,31000.0,2186500
2024-07-29,29550.0,31950.0,28800.0,31300.0,1469200
2024-08-05,29100.0,29500.0,27500.0,27650.0,1466700
2024-08-12,29700.0,29800.0,28050.0,29300.0,1003600
2024-08-19,30050.0,30900.0,29700.0,29700.0,1082400
2024-08-26,29600.0,30500.0,29000.0,30500.0,812200
2024-09-02,29100.0,29450.0,28800.0,29450.0,374700
2024-09-09,28900.0,29500.0,28350.0,29100.0,486500
2024-09-16,31200.0,31600.0,28250.0,29000.0,1255100
2024-09-23,30650.0,31200.0,30300.0,31200.0,1393100
2024-09-30,29250.0,31600.0,29000.0,30650.0,2021300
2024-10-07,29350.0,29600.0,29150.0,29300.0,846600
2024-10-14,28900.0,29550.0,28300.0,29350.0,1005100
2024-10-21,28200.0,29050.0,28000.0,29000.0,743900
2024-10-28,19415.244140625,28850.0,19415.244140625,28300.0,1190622
2024-11-04,20200.0,20500.0,19380.818359375,19690.63671875,2912879
2024-11-11,20300.0,21350.0,19900.0,20300.0,3221200
2024-11-18,20800.0,21100.0,19550.0,20200.0,2307200
2024-11-25,22500.0,22550.0,20700.0,20700.0,4625200
2024-12-02,21450.0,22800.0,21200.0,22500.0,4301200
2024-12-09,22000.0,22450.0,21300.0,21300.0,3062400
2024-12-16,22700.0,22750.0,21300.0,22000.0,4827300
2024-12-23,21350.0,23100.0,21350.0,22800.0,5253000
2024-12-30,20700.0,21350.0,20700.0,21350.0,1464700
2025-01-06,17800.0,20700.0,17800.0,20700.0,3804200
2025-01-13,17950.0,17950.0,17400.0,17700.0,1371600
2025-01-20,17900.0,18200.0,17200.0,18000.0,1537300
2025-01-27,17900.0,17900.0,17900.0,17900.0,0
2025-02-03,17850.0,18400.0,17350.0,17900.0,2666900
2025-02-10,16600.0,17800.0,16000.0,17700.0,3813200
2025-02-17,16950.0,17150.0,16550.0,16850.0,2473700
2025-02-24,17350.0,17650.0,16900.0,17000.0,2837500
2025-03-03,16950.0,17800.0,16950.0,17650.0,2747400
2025-03-10,17500.0,18300.0,16650.0,17000.0,3819400
2025-03-17,17000.0,17900.0,16900.0,17450.0,2100500
2025-03-24,17700.0,18200.0,16700.0,17050.0,2715300
2025-03-31,15300.0,18500.0,15300.0,17600.0,2068200
2025-04-07,14100.0,14250.0,13250.0,14250.0,3132600
2025-04-14,15550.0,15550.0,13300.0,14200.0,2806400
2025-04-21,15200.0,16600.0,14650.0,16600.0,3808000
2025-04-28,15500.0,15600.0,15000.0,15200.0,616800
2025-05-05,15950.0,16200.0,15050.0,15500.0,1724400
2025-05-12,16500.0,16700.0,15950.0,15950.0,2001100
2025-05-19,16300.0,16800.0,16150.0,16400.0,2067300
2025-05-26,17000.0,18000.0,16100.0,16200.0,5738300
2025-06-02,17700.0,17700.0,16550.0,17000.0,2713400
2025-06-09,17700.0,18150.0,17350.0,17500.0,3965200
2025-06-16,17200.0,17750.0,16750.0,16750.0,1782700
2025-06-23,18100.0,19000.0,17200.0,17250.0,4529100
2025-06-30,19400.0,19700.0,17600.0,17900.0,7829900
2025-07-07,18950.0,19700.0,18600.0,18800.0,5598800
2025-07-14,19500.0,19850.0,19250.0,19800.0,5954800
2025-07-21,19200.0,19900.0,18700.0,19800.0,4170100
2025-07-28,19200.0,21500.0,18850.0,20500.0,7130900
2025-08-04,19700.0,19800.0,18700.0,19300.0,5296300
2025-08-11,20000.0,21600.0,19100.0,19300.0,12061900
2025-08-18,17800.0,19600.0,17800.0,19000.0,4897300
2025-08-25,20500.0,21750.0,20000.0,20300.0,10793700
2025-09-01,19800.0,20500.0,19050.0,20500.0,2359000
2025-09-08,19450.0,20100.0,19000.0,19700.0,2816000
2025-09-15,18700.0,19750.0,18650.0,19750.0,2643400
2025-09-22,18400.0,18700.0,17850.0,18700.0,2236600
2025-09-29,16700.0,18200.0,16400.0,17900.0,3715000
2025-10-06,16800.0,17150.0,16300.0,16300.0,914100
2025-10-13,15750.0,16900.0,15300.0,16500.0,2383100
2025-10-20,15100.0,15450.0,14150.0,15100.0,1527300
2025-10-27,15800.0,16700.0,15450.0,16700.0,935100
2025-11-03,15000.0,15850.0,14900.0,15850.0,1122400
2025-11-10,15500.0,15750.0,14750.0,15000.0,803500
2025-11-17,15200.0,15900.0,15000.0,15600.0,977900
2025-11-24,14900.0,15200.0,14300.0,15200.0,533100
2025-12-01,14650.0,15100.0,14350.0,14950.0,682000
2025-12-08,13700.0,14650.0,13700.0,14600.0,828400
2025-12-15,13750.0,14100.0,13400.0,13700.0,468100
2025-12-22,13900.0,14000.0,13500.0,14000.0,528600
2025-12-29,13600.0,13950.0,13500.0,13950.0,209200
2026-01-05,14350.0,14350.0,13350.0,13600.0,1378100
2026-01-12,14150.0,14650.0,13600.0,14650.0,1638400
2026-01-19,13750.0,14450.0,13750.0,14150.0,1009500
2026-01-26,13600.0,13950.0,13200.0,13600.0,993600
2026-02-02,14300.0,15500.0,14000.0,14550.0,2656100
2026-02-09,14050.0,14450.0,13800.0,14350.0,812900
2026-02-16,14050.0,14050.0,14050.0,14050.0,0
2026-02-23,15000.0,15300.0,14200.0,14400.0,2008600
2026-03-02,14850.0,15900.0,14200.0,14200.0,2789400
2026-03-09,14200.0,14500.0,13800.0,13850.0,2006200
2026-03-16,13550.0,14450.0,13550.0,14150.0,1092400
2026-03-23,13700.0,13800.0,12750.0,13600.0,944400
2026-03-30,13350.0,13750.0,13350.0,13500.0,932100
2026-04-06,13850.0,14000.0,13350.0,13550.0,1121200
2026-04-13,13600.0,14150.0,13500.0,13850.0,1152700
2026-04-20,13400.0,13800.0,13200.0,13800.0,797000
2026-04-27,13500.0,13500.0,13000.0,13400.0,357800
2026-05-04,13200.0,13450.0,13150.0,13450.0,441900
2026-05-11,12850.0,13200.0,12800.0,13200.0,638600
2026-05-18,12350.0,13000.0,12200.0,12850.0,925600
2026-05-25,12300.0,12500.0,12150.0,12400.0,417900
